id,shape,tilt_deg,layout,scene,optical_leakage_transmission,signal_electrons,background_electrons,background_to_signal,median_mean_absolute_depth_error_mm,mean_absolute_depth_error_mm,p90_mean_absolute_depth_error_mm,failure_gt10mm_fraction,nonconverged,grid_interpolation_relative_l2
triangle-aligned-30.000000,triangle,30.0,aligned,central,0.0,124277.60019340245,0.0,0.0,4.511239526610677,5.064729271576286,8.208806137460941,0.25,0,0.0001303363681070011
triangle-aligned-30.000000,triangle,30.0,aligned,central,1e-06,124277.60019340245,44930.26444005812,0.3615314776768866,5.733684503145884,6.361029714991496,10.503720133373156,0.4166666666666667,0,0.0001303363681070011
triangle-aligned-30.000000,triangle,30.0,aligned,central,0.0001,124277.60019340245,4493026.444005812,36.15314776768866,8.026081970784702,10.044662091499472,20.24846339694677,0.625,0,0.0001303363681070011
triangle-aligned-30.000000,triangle,30.0,aligned,oblique,0.0,84432.5770057251,0.0,0.0,1.4025577247349474,1.6361660925368515,2.9295175181796327,0.0,0,6.671805997295569e-05
triangle-aligned-30.000000,triangle,30.0,aligned,oblique,1e-06,84432.5770057251,44930.26444005812,0.5321437060604172,1.607322956441088,1.7541885684029275,3.420221196289973,0.0,0,6.671805997295569e-05
triangle-aligned-30.000000,triangle,30.0,aligned,oblique,0.0001,84432.5770057251,4493026.444005812,53.21437060604171,2.7610459701296364,3.5200093104161545,6.699227390895809,0.16666666666666666,0,6.671805997295569e-05
triangle-aligned-30.000000,triangle,30.0,aligned,grazing,0.0,12207.423526900264,0.0,0.0,1.6053937689411732,1.635714416933815,2.481041499119036,0.0,0,0.00012532177406638961
triangle-aligned-30.000000,triangle,30.0,aligned,grazing,1e-06,12207.423526900264,44930.26444005812,3.6805689866538867,2.1853739396816607,2.2770284008772923,3.949860927131456,0.0,0,0.00012532177406638961
triangle-aligned-30.000000,triangle,30.0,aligned,grazing,0.0001,12207.423526900264,4493026.444005812,368.05689866538864,3.7262637482351844,4.246586600782546,7.68847476210083,0.22916666666666666,0,0.00012532177406638961
triangle-shifted-30.000000,triangle,30.0,shifted,central,0.0,124140.2834662613,0.0,0.0,5.040883617096071,4.9858513106333895,7.969432690509377,0.3333333333333333,0,0.00013021182589648928
triangle-shifted-30.000000,triangle,30.0,shifted,central,1e-06,124140.2834662613,38213.650082001936,0.307826347862236,5.8396077284426084,6.878913356811933,12.949286972645481,0.4375,0,0.00013021182589648928
triangle-shifted-30.000000,triangle,30.0,shifted,central,0.0001,124140.2834662613,3821365.0082001938,30.7826347862236,8.90338787134225,9.817555642641013,18.639474028165523,0.6041666666666666,0,0.00013021182589648928
triangle-shifted-30.000000,triangle,30.0,shifted,oblique,0.0,84052.14977361719,0.0,0.0,1.7001687459945423,1.646727903296583,2.741707735231734,0.0,0,6.519630300499118e-05
triangle-shifted-30.000000,triangle,30.0,shifted,oblique,1e-06,84052.14977361719,38213.650082001936,0.4546421499619594,1.5471229653355145,1.7136243495063816,3.440483260820105,0.0,0,6.519630300499118e-05
triangle-shifted-30.000000,triangle,30.0,shifted,oblique,0.0001,84052.14977361719,3821365.0082001938,45.46421499619594,2.812714668716257,3.4419394996188477,7.172389079347681,0.16666666666666666,0,6.519630300499118e-05
triangle-shifted-30.000000,triangle,30.0,shifted,grazing,0.0,12126.839712229821,0.0,0.0,1.4496367226831088,1.5281314845739429,2.5817698334374706,0.0,0,0.0006941570178455128
triangle-shifted-30.000000,triangle,30.0,shifted,grazing,1e-06,12126.839712229821,38213.650082001936,3.151163121539718,1.9058269066042737,1.8266282826117892,2.9755057093909234,0.0,0,0.0006941570178455128
triangle-shifted-30.000000,triangle,30.0,shifted,grazing,0.0001,12126.839712229821,3821365.0082001938,315.1163121539718,4.888841544338009,5.783849522117197,10.417619358527855,0.3125,0,0.0006941570178455128
triangle-vertical-30.000000,triangle,30.0,vertical,central,0.0,123968.7601541556,0.0,0.0,4.771089174033833,5.161630394648499,8.173214255592168,0.2916666666666667,0,0.00012995602617705916
triangle-vertical-30.000000,triangle,30.0,vertical,central,1e-06,123968.7601541556,35962.932713785995,0.2900967362185921,6.096433219854877,6.662270424062432,11.149712391002815,0.4791666666666667,0,0.00012995602617705916
triangle-vertical-30.000000,triangle,30.0,vertical,central,0.0001,123968.7601541556,3596293.2713785996,29.009673621859214,9.101635250124627,11.4402139145409,20.69981725278391,0.7083333333333334,0,0.00012995602617705916
triangle-vertical-30.000000,triangle,30.0,vertical,oblique,0.0,83289.8450639098,0.0,0.0,1.0925956816714368,1.3076565119646728,2.562694360540364,0.0,0,6.260893843750131e-05
triangle-vertical-30.000000,triangle,30.0,vertical,oblique,1e-06,83289.8450639098,35962.932713785995,0.4317805212170942,1.421840917317116,1.5174416413902334,3.041968594927822,0.0,0,6.260893843750131e-05
triangle-vertical-30.000000,triangle,30.0,vertical,oblique,0.0001,83289.8450639098,3596293.2713785996,43.17805212170942,3.5792664683494344,3.798662236917257,6.751517295692215,0.20833333333333334,0,6.260893843750131e-05
triangle-vertical-30.000000,triangle,30.0,vertical,grazing,0.0,11758.523062427252,0.0,0.0,1.4066441962340601,1.5202952817967403,2.4964865423347242,0.0,0,0.0003839172806245288
triangle-vertical-30.000000,triangle,30.0,vertical,grazing,1e-06,11758.523062427252,35962.932713785995,3.058456621027569,2.0079066968076784,2.2958045840727856,4.2023397291088465,0.020833333333333332,0,0.0003839172806245288
triangle-vertical-30.000000,triangle,30.0,vertical,grazing,0.0001,11758.523062427252,3596293.2713785996,305.84566210275693,3.8645008537109957,4.7751209191441255,9.354088367989128,0.22916666666666666,0,0.0003839172806245288
triangle-aligned-45.000000,triangle,45.0,aligned,central,0.0,101471.14249685245,0.0,0.0,5.222443065197371,5.610320669317093,9.56649360260211,0.3333333333333333,0,0.0001314455493579415
triangle-aligned-45.000000,triangle,45.0,aligned,central,1e-06,101471.14249685245,107765.03578799074,1.0620264356571478,5.598301912697252,6.073896269630537,10.03600564121501,0.4166666666666667,0,0.0001314455493579415
triangle-aligned-45.000000,triangle,45.0,aligned,central,0.0001,101471.14249685245,10776503.578799076,106.2026435657148,9.771904410868334,11.677821322868434,22.15367099533512,0.7291666666666666,0,0.0001314455493579415
triangle-aligned-45.000000,triangle,45.0,aligned,oblique,0.0,69172.46391535582,0.0,0.0,1.203677583363831,1.2484871255560244,2.10294769177288,0.0,0,9.67837042488697e-05
triangle-aligned-45.000000,triangle,45.0,aligned,oblique,1e-06,69172.46391535582,107765.03578799074,1.5579181322767313,1.3863137101139067,1.5271092324561872,2.847823065216684,0.0,0,9.67837042488697e-05
triangle-aligned-45.000000,triangle,45.0,aligned,oblique,0.0001,69172.46391535582,10776503.578799076,155.79181322767317,2.493567672056038,2.759608292399222,4.7552939235127205,0.08333333333333333,0,9.67837042488697e-05
triangle-aligned-45.000000,triangle,45.0,aligned,grazing,0.0,14791.818954187233,0.0,0.0,1.8438942538697907,1.9477917367446518,3.2118449560866646,0.0,0,0.001658363644704294
triangle-aligned-45.000000,triangle,45.0,aligned,grazing,1e-06,14791.818954187233,107765.03578799074,7.2854485389361034,2.4093502296118494,3.0043773801097617,5.710000000000004,0.0625,0,0.001658363644704294
triangle-aligned-45.000000,triangle,45.0,aligned,grazing,0.0001,14791.818954187233,10776503.578799076,728.5448538936106,3.5886680073263415,4.641812198702248,8.39339333802545,0.1875,0,0.001658363644704294
triangle-shifted-45.000000,triangle,45.0,shifted,central,0.0,101359.025304133,0.0,0.0,4.415515595640272,4.822853502833509,8.079305691738499,0.25,0,0.00013132376380020394
triangle-shifted-45.000000,triangle,45.0,shifted,central,1e-06,101359.025304133,91749.8513322886,0.9051966616390442,6.221366099016141,6.801596616483377,9.881560641373808,0.5625,0,0.00013132376380020394
triangle-shifted-45.000000,triangle,45.0,shifted,central,0.0001,101359.025304133,9174985.13322886,90.51966616390443,10.121019547043673,11.754305028309028,20.991057202185726,0.75,0,0.00013132376380020394
triangle-shifted-45.000000,triangle,45.0,shifted,oblique,0.0,68851.0068491275,0.0,0.0,1.3407130569813042,1.3499046579656255,2.17401395236553,0.0,0,7.74500084361982e-05
triangle-shifted-45.000000,triangle,45.0,shifted,oblique,1e-06,68851.0068491275,91749.8513322886,1.3325854701491744,1.3488072919695995,1.6156497823276297,2.9963673469312213,0.020833333333333332,0,7.74500084361982e-05
triangle-shifted-45.000000,triangle,45.0,shifted,oblique,0.0001,68851.0068491275,9174985.13322886,133.25854701491747,2.670703276852098,3.285047578528882,6.378016230012767,0.16666666666666666,0,7.74500084361982e-05
triangle-shifted-45.000000,triangle,45.0,shifted,grazing,0.0,14776.876334985995,0.0,0.0,2.0061552384578976,2.158078202197885,3.5289305822104593,0.0,0,0.0012496626018470884
triangle-shifted-45.000000,triangle,45.0,shifted,grazing,1e-06,14776.876334985995,91749.8513322886,6.20901530555954,2.2931511373608933,2.8249809258509626,5.374030054669742,0.0625,0,0.0012496626018470884
triangle-shifted-45.000000,triangle,45.0,shifted,grazing,0.0001,14776.876334985995,9174985.13322886,620.9015305559541,3.817830351314872,4.484511978448309,7.977641228728335,0.20833333333333334,0,0.0012496626018470884
triangle-vertical-45.000000,triangle,45.0,vertical,central,0.0,101218.98287976801,0.0,0.0,5.4881311543583635,5.255217230863935,8.733682566722596,0.4166666666666667,0,0.00013108547588195997
triangle-vertical-45.000000,triangle,45.0,vertical,central,1e-06,101218.98287976801,86498.88429155463,0.8545717594722473,5.452260618950152,5.3812526378763055,8.753314492876145,0.3333333333333333,0,0.00013108547588195997
triangle-vertical-45.000000,triangle,45.0,vertical,central,0.0001,101218.98287976801,8649888.429155465,85.45717594722475,10.083008588335797,12.561937571089354,24.059839375347213,0.7083333333333334,0,0.00013108547588195997
triangle-vertical-45.000000,triangle,45.0,vertical,oblique,0.0,68222.88739101785,0.0,0.0,1.3989840919744552,1.3925916956299897,2.4009066691353995,0.0,0,7.08314536051484e-05
triangle-vertical-45.000000,triangle,45.0,vertical,oblique,1e-06,68222.88739101785,86498.88429155463,1.2678865934798147,1.414367643174618,1.6007171637789408,3.0001886598150884,0.0,0,7.08314536051484e-05
triangle-vertical-45.000000,triangle,45.0,vertical,oblique,0.0001,68222.88739101785,8649888.429155465,126.78865934798151,2.8188788293191607,3.0489919219906487,5.722390122817969,0.10416666666666667,0,7.08314536051484e-05
triangle-vertical-45.000000,triangle,45.0,vertical,grazing,0.0,14361.858931510054,0.0,0.0,2.0768843851359415,2.2454969781028775,3.4852802731258326,0.0,0,0.00018334395950777755
triangle-vertical-45.000000,triangle,45.0,vertical,grazing,1e-06,14361.858931510054,86498.88429155463,6.022819518285008,2.371896068938634,2.5066880665272238,4.209532245109325,0.041666666666666664,0,0.00018334395950777755
triangle-vertical-45.000000,triangle,45.0,vertical,grazing,0.0001,14361.858931510054,8649888.429155465,602.281951828501,4.674502796862243,4.935037531633154,7.95682946027138,0.22916666666666666,0,0.00018334395950777755
triangle-aligned-51.842773,triangle,51.84277341263095,aligned,central,0.0,88657.6556029568,0.0,0.0,3.913706459324718,4.296921135807328,7.109444756305949,0.2916666666666667,0,0.000132439598720282
triangle-aligned-51.842773,triangle,51.84277341263095,aligned,central,1e-06,88657.6556029568,149765.15941240656,1.6892524215067535,6.596154608595885,6.646459490102501,10.104173868266235,0.5,0,0.000132439598720282
triangle-aligned-51.842773,triangle,51.84277341263095,aligned,central,0.0001,88657.6556029568,14976515.941240657,168.92524215067536,10.29984450314208,10.881357772686743,17.019536499623452,0.7916666666666666,0,0.000132439598720282
triangle-aligned-51.842773,triangle,51.84277341263095,aligned,oblique,0.0,61931.38535341587,0.0,0.0,0.9778027939519838,1.2313579777251311,2.2776419540871835,0.0,0,0.00018528674540866966
triangle-aligned-51.842773,triangle,51.84277341263095,aligned,oblique,1e-06,61931.38535341587,149765.15941240656,2.4182433278015822,1.7199160264541646,1.9994545372326773,3.485449523453586,0.0,0,0.00018528674540866966
triangle-aligned-51.842773,triangle,51.84277341263095,aligned,oblique,0.0001,61931.38535341587,14976515.941240657,241.82433278015824,2.467596490559263,2.9981934516772504,5.531827703461273,0.08333333333333333,0,0.00018528674540866966
triangle-aligned-51.842773,triangle,51.84277341263095,aligned,grazing,0.0,15901.111840448073,0.0,0.0,1.0038120267798565,1.2115525381426921,2.3184195087269486,0.0,0,0.003513049505625888
triangle-aligned-51.842773,triangle,51.84277341263095,aligned,grazing,1e-06,15901.111840448073,149765.15941240656,9.418533805381145,1.4492519935337294,1.7112616825832712,3.1687017222609426,0.0,0,0.003513049505625888
triangle-aligned-51.842773,triangle,51.84277341263095,aligned,grazing,0.0001,15901.111840448073,14976515.941240657,941.8533805381145,2.917242525318313,4.072554261360156,8.085898441545147,0.14583333333333334,0,0.003513049505625888
triangle-shifted-51.842773,triangle,51.84277341263095,shifted,central,0.0,88559.69663952639,0.0,0.0,4.423159350621216,4.67299508698247,7.584421508288742,0.2708333333333333,0,0.000132320093509877
triangle-shifted-51.842773,triangle,51.84277341263095,shifted,central,1e-06,88559.69663952639,127618.72925178376,1.441047497839151,5.418618213415332,5.771562309308578,9.769905515156145,0.3333333333333333,0,0.000132320093509877
triangle-shifted-51.842773,triangle,51.84277341263095,shifted,central,0.0001,88559.69663952639,12761872.92517838,144.10474978391514,9.92040436874128,11.555207923845417,18.53685347472189,0.6875,0,0.000132320093509877
triangle-shifted-51.842773,triangle,51.84277341263095,shifted,oblique,0.0,61631.72821597317,0.0,0.0,1.1444104072980323,1.2022789472320328,2.188242449619676,0.0,0,0.00010178312102862883
triangle-shifted-51.842773,triangle,51.84277341263095,shifted,oblique,1e-06,61631.72821597317,127618.72925178376,2.07066608297232,1.7303210158381894,1.8383156976492356,3.2104195082000104,0.0,0,0.00010178312102862883
triangle-shifted-51.842773,triangle,51.84277341263095,shifted,oblique,0.0001,61631.72821597317,12761872.92517838,207.06660829723205,2.768358487452609,2.918224317324254,5.332568958412257,0.041666666666666664,0,0.00010178312102862883
triangle-shifted-51.842773,triangle,51.84277341263095,shifted,grazing,0.0,16119.741919066997,0.0,0.0,1.8478953478910425,1.9288258484122445,3.1807572383975384,0.0,0,0.001139483569351036
triangle-shifted-51.842773,triangle,51.84277341263095,shifted,grazing,1e-06,16119.741919066997,127618.72925178376,7.916921368376987,1.9728847377568464,2.465841362171646,4.40713963064629,0.020833333333333332,0,0.001139483569351036
triangle-shifted-51.842773,triangle,51.84277341263095,shifted,grazing,0.0001,16119.741919066997,12761872.92517838,791.692136837699,4.112071919405597,4.818610119946554,8.789732388092593,0.3125,0,0.001139483569351036
triangle-vertical-51.842773,triangle,51.84277341263095,vertical,central,0.0,88437.34158731371,0.0,0.0,4.79934105383904,4.61907060180619,7.543956611956916,0.2708333333333333,0,0.00013209703089817483
triangle-vertical-51.842773,triangle,51.84277341263095,vertical,central,1e-06,88437.34158731371,120482.48160014306,1.362348521989338,6.018809389159241,6.1788176268794714,9.504334308018676,0.4583333333333333,0,0.00013209703089817483
triangle-vertical-51.842773,triangle,51.84277341263095,vertical,central,0.0001,88437.34158731371,12048248.160014305,136.2348521989338,9.894445674553364,11.377049532534265,19.17752702315598,0.7083333333333334,0,0.00013209703089817483
triangle-vertical-51.842773,triangle,51.84277341263095,vertical,oblique,0.0,61070.325912235894,0.0,0.0,1.0968555230164725,1.2144405568272756,1.926435060482365,0.0,0,7.831643410228671e-05
triangle-vertical-51.842773,triangle,51.84277341263095,vertical,oblique,1e-06,61070.325912235894,120482.48160014306,1.9728481844568557,1.6282084246744297,1.950744576300768,3.5972315058997317,0.0,0,7.831643410228671e-05
triangle-vertical-51.842773,triangle,51.84277341263095,vertical,oblique,0.0001,61070.325912235894,12048248.160014305,197.28481844568557,2.7571911891928096,3.494600972178981,6.273845572306981,0.10416666666666667,0,7.831643410228671e-05
triangle-vertical-51.842773,triangle,51.84277341263095,vertical,grazing,0.0,15674.588277301795,0.0,0.0,1.8920892533496616,2.0626805990391337,3.313867569333755,0.0,0,0.002291215674119543
triangle-vertical-51.842773,triangle,51.84277341263095,vertical,grazing,1e-06,15674.588277301795,120482.48160014306,7.686484612461079,2.191746794697168,2.7467565201972377,5.420391173425864,0.08333333333333333,0,0.002291215674119543
triangle-vertical-51.842773,triangle,51.84277341263095,vertical,grazing,0.0001,15674.588277301795,12048248.160014305,768.6484612461079,4.236917776817139,4.488900877247233,7.899866887923336,0.2916666666666667,0,0.002291215674119543
diamond-aligned-30.000000,diamond,30.0,aligned,central,0.0,124300.01659664433,0.0,0.0,5.610539553175514,5.761073887189515,9.649122444477076,0.3958333333333333,0,0.0001304021267672117
diamond-aligned-30.000000,diamond,30.0,aligned,central,1e-06,124300.01659664433,46947.864766756175,0.37769797665516647,6.320169783583346,6.74592510298601,12.049684705382205,0.4791666666666667,0,0.0001304021267672117
diamond-aligned-30.000000,diamond,30.0,aligned,central,0.0001,124300.01659664433,4694786.476675618,37.769797665516656,10.431020391697487,12.146755703665079,25.85831725619187,0.7083333333333334,0,0.0001304021267672117
diamond-aligned-30.000000,diamond,30.0,aligned,oblique,0.0,84434.51297609095,0.0,0.0,1.2171528689619073,1.5810049524463192,3.0235909465084636,0.0,0,6.729296637192266e-05
diamond-aligned-30.000000,diamond,30.0,aligned,oblique,1e-06,84434.51297609095,46947.864766756175,0.5560269504965375,1.9434595263599093,2.013593534445061,3.5061737432578264,0.0,0,6.729296637192266e-05
diamond-aligned-30.000000,diamond,30.0,aligned,oblique,0.0001,84434.51297609095,4694786.476675618,55.60269504965376,2.9333613983227664,3.9725820768367623,5.592583650898188,0.10416666666666667,0,6.729296637192266e-05
diamond-aligned-30.000000,diamond,30.0,aligned,grazing,0.0,11592.973824973618,0.0,0.0,0.990099007130838,0.997712099277309,1.6622355945665979,0.0,0,0.00025094697055363084
diamond-aligned-30.000000,diamond,30.0,aligned,grazing,1e-06,11592.973824973618,46947.864766756175,4.0496826332533375,1.7779298460912445,1.9170948051155186,3.160103666966082,0.0,0,0.00025094697055363084
diamond-aligned-30.000000,diamond,30.0,aligned,grazing,0.0001,11592.973824973618,4694786.476675618,404.9682633253338,4.594405232899013,4.660544539119389,6.65431443934652,0.08333333333333333,0,0.00025094697055363084
diamond-shifted-30.000000,diamond,30.0,shifted,central,0.0,124162.6542779475,0.0,0.0,4.839139260968231,5.60398672252287,9.02164510330979,0.375,0,0.00013027777168279003
diamond-shifted-30.000000,diamond,30.0,shifted,central,1e-06,124162.6542779475,39001.3902667706,0.31411530700256324,6.214010701903437,6.655942745778905,9.067604661577604,0.5416666666666666,0,0.00013027777168279003
diamond-shifted-30.000000,diamond,30.0,shifted,central,0.0001,124162.6542779475,3900139.02667706,31.411530700256325,8.661227794116805,10.909629164674376,23.936870092655916,0.5208333333333334,0,0.00013027777168279003
diamond-shifted-30.000000,diamond,30.0,shifted,oblique,0.0,84053.94225470084,0.0,0.0,1.6162709964527515,1.5533000940139592,2.562839221183924,0.0,0,6.57809644912484e-05
diamond-shifted-30.000000,diamond,30.0,shifted,oblique,1e-06,84053.94225470084,39001.3902667706,0.4640042955818576,1.7768504361986999,1.7411674432895496,3.077194139565584,0.0,0,6.57809644912484e-05
diamond-shifted-30.000000,diamond,30.0,shifted,oblique,0.0001,84053.94225470084,3900139.02667706,46.400429558185756,2.880261544440934,3.3949326083031988,6.214911372739546,0.16666666666666666,0,6.57809644912484e-05
diamond-shifted-30.000000,diamond,30.0,shifted,grazing,0.0,11518.015608861073,0.0,0.0,1.1507169553045076,1.1824163294992063,1.7721487884044564,0.0,0,0.00013787567194121914
diamond-shifted-30.000000,diamond,30.0,shifted,grazing,1e-06,11518.015608861073,39001.3902667706,3.386120629734686,1.2818948654894387,1.4670659654129068,2.5028093087018455,0.0,0,0.00013787567194121914
diamond-shifted-30.000000,diamond,30.0,shifted,grazing,0.0001,11518.015608861073,3900139.02667706,338.6120629734686,4.435365926842184,4.600828283681362,7.676376131565544,0.125,0,0.00013787567194121914
diamond-vertical-30.000000,diamond,30.0,vertical,central,0.0,123991.052654989,0.0,0.0,5.968422444017378,5.84973609093331,9.837510642581911,0.4375,0,0.0001300212575815471
diamond-vertical-30.000000,diamond,30.0,vertical,central,1e-06,123991.052654989,37094.54492004752,0.2991711428022541,5.286886159569445,5.693126969180533,9.680095931940587,0.3541666666666667,0,0.0001300212575815471
diamond-vertical-30.000000,diamond,30.0,vertical,central,0.0001,123991.052654989,3709454.4920047517,29.917114280225405,9.401324522479339,11.65979116746462,25.571642442477895,0.75,0,0.0001300212575815471
diamond-vertical-30.000000,diamond,30.0,vertical,oblique,0.0,83291.3740591243,0.0,0.0,1.6651033252977747,1.7901117640050774,3.309553786225513,0.0,0,6.319036839255672e-05
diamond-vertical-30.000000,diamond,30.0,vertical,oblique,1e-06,83291.3740591243,37094.54492004752,0.44535878221574293,1.3340238928298724,1.8168480290129736,3.879381494802286,0.0,0,6.319036839255672e-05
diamond-vertical-30.000000,diamond,30.0,vertical,oblique,0.0001,83291.3740591243,3709454.4920047517,44.53587822157429,3.3330650294008493,4.011823888892841,6.619874414178157,0.22916666666666666,0,6.319036839255672e-05
diamond-vertical-30.000000,diamond,30.0,vertical,grazing,0.0,11163.10404252971,0.0,0.0,1.1466089207786165,1.2024469268013345,1.8840332090544931,0.0,0,0.0002597851053384831
diamond-vertical-30.000000,diamond,30.0,vertical,grazing,1e-06,11163.10404252971,37094.54492004752,3.3229597053582056,1.7870359060531866,1.7566469593936207,2.917906974004291,0.0,0,0.0002597851053384831
diamond-vertical-30.000000,diamond,30.0,vertical,grazing,0.0001,11163.10404252971,3709454.4920047517,332.2959705358205,4.502728949780279,4.676816739691211,8.551086901388574,0.125,0,0.0002597851053384831
diamond-aligned-45.000000,diamond,45.0,aligned,central,0.0,101489.1101441331,0.0,0.0,4.83025767143641,5.0677217084100015,9.892563632834523,0.2916666666666667,0,0.0001315516157677755
diamond-aligned-45.000000,diamond,45.0,aligned,central,1e-06,101489.1101441331,112203.02241814502,1.1055671121640165,5.598466946497066,6.049736451923981,11.72968601980732,0.3958333333333333,0,0.0001315516157677755
diamond-aligned-45.000000,diamond,45.0,aligned,central,0.0001,101489.1101441331,11220302.241814505,110.55671121640168,8.939358772484905,11.057165996355534,22.785841668985807,0.6666666666666666,0,0.0001315516157677755
diamond-aligned-45.000000,diamond,45.0,aligned,oblique,0.0,68978.35687846145,0.0,0.0,1.3928700673830754,1.3856089714167616,2.2879654381799135,0.0,0,7.827810021668166e-05
diamond-aligned-45.000000,diamond,45.0,aligned,oblique,1e-06,68978.35687846145,112203.02241814502,1.6266409856042905,1.5146810235262897,1.7977632641454757,3.3225130078762812,0.0,0,7.827810021668166e-05
diamond-aligned-45.000000,diamond,45.0,aligned,oblique,0.0001,68978.35687846145,11220302.241814505,162.6640985604291,3.3613921033621317,3.55148990436777,6.656162286522943,0.25,0,7.827810021668166e-05
diamond-aligned-45.000000,diamond,45.0,aligned,grazing,0.0,13971.927688907484,0.0,0.0,1.0747259505649573,1.3811465304640063,2.781491070830073,0.0,0,0.002261145146333583
diamond-aligned-45.000000,diamond,45.0,aligned,grazing,1e-06,13971.927688907484,112203.02241814502,8.030604288571048,2.5000000000000018,2.9638110690934867,4.7963033032321265,0.08333333333333333,0,0.002261145146333583
diamond-aligned-45.000000,diamond,45.0,aligned,grazing,0.0001,13971.927688907484,11220302.241814505,803.0604288571051,5.774240354434903,6.288365339484077,10.173762475702404,0.3541666666666667,0,0.002261145146333583
diamond-shifted-45.000000,diamond,45.0,shifted,central,0.0,101376.95730538173,0.0,0.0,3.6805840701746035,4.2250191764155245,7.693160746039645,0.20833333333333334,0,0.0001314303905656394
diamond-shifted-45.000000,diamond,45.0,shifted,central,1e-06,101376.95730538173,93365.8048949859,0.9209765944517003,5.964398694285521,6.889602297626671,12.902272717583696,0.4791666666666667,0,0.0001314303905656394
diamond-shifted-45.000000,diamond,45.0,shifted,central,0.0001,101376.95730538173,9336580.48949859,92.09765944517004,9.388925342890648,12.908242070190973,25.487557531371046,0.7083333333333334,0,0.0001314303905656394
diamond-shifted-45.000000,diamond,45.0,shifted,oblique,0.0,68667.92880756552,0.0,0.0,1.5303178026237738,1.6122038941032777,2.7035933692205165,0.0,0,7.44011082742239e-05
diamond-shifted-45.000000,diamond,45.0,shifted,oblique,1e-06,68667.92880756552,93365.8048949859,1.359671196092626,1.8967974276524977,2.0972763015738947,3.807422232379985,0.020833333333333332,0,7.44011082742239e-05
diamond-shifted-45.000000,diamond,45.0,shifted,oblique,0.0001,68667.92880756552,9336580.48949859,135.9671196092626,3.3102374496145863,3.674879849273631,6.895340431944997,0.1875,0,7.44011082742239e-05
diamond-shifted-45.000000,diamond,45.0,shifted,grazing,0.0,14165.835262932822,0.0,0.0,1.3963775125064677,1.6034821070158685,2.979634630972905,0.0,0,0.0012866185820421538
diamond-shifted-45.000000,diamond,45.0,shifted,grazing,1e-06,14165.835262932822,93365.8048949859,6.590914207458877,3.086529623092388,3.358289438448557,5.862946659638017,0.08333333333333333,0,0.0012866185820421538
diamond-shifted-45.000000,diamond,45.0,shifted,grazing,0.0001,14165.835262932822,9336580.48949859,659.0914207458877,5.898516980013439,6.297693904729869,11.590310660068535,0.375,0,0.0012866185820421538
diamond-vertical-45.000000,diamond,45.0,vertical,central,0.0,101236.85116587089,0.0,0.0,4.216412529645083,4.924923142667045,9.156803381239254,0.3125,0,0.0001311899075856024
diamond-vertical-45.000000,diamond,45.0,vertical,central,1e-06,101236.85116587089,88939.96976658372,0.8785335452686155,4.8377578500773915,5.810803579181844,9.428032807685325,0.4375,0,0.0001311899075856024
diamond-vertical-45.000000,diamond,45.0,vertical,central,0.0001,101236.85116587089,8893996.97665837,87.85335452686154,9.293643017650641,11.149545629054847,21.326264340866377,0.75,0,0.0001311899075856024
diamond-vertical-45.000000,diamond,45.0,vertical,oblique,0.0,68045.82566635299,0.0,0.0,1.366025297394721,1.4585421420466644,2.424280141072458,0.0,0,7.203136607496939e-05
diamond-vertical-45.000000,diamond,45.0,vertical,oblique,1e-06,68045.82566635299,88939.96976658372,1.3070598952341375,1.5302305718717903,1.7574685158020162,3.387436692886858,0.0,0,7.203136607496939e-05
diamond-vertical-45.000000,diamond,45.0,vertical,oblique,0.0001,68045.82566635299,8893996.97665837,130.70598952341373,2.655250057630788,3.1781476294558573,5.406634182939747,0.08333333333333333,0,7.203136607496939e-05
diamond-vertical-45.000000,diamond,45.0,vertical,grazing,0.0,13792.03481639332,0.0,0.0,1.3823519677456657,1.5431997118205587,2.71695328862198,0.0,0,0.0006992880356022352
diamond-vertical-45.000000,diamond,45.0,vertical,grazing,1e-06,13792.03481639332,88939.96976658372,6.448647422269336,3.1647582469891056,3.486560939898253,5.967029232451668,0.0625,0,0.0006992880356022352
diamond-vertical-45.000000,diamond,45.0,vertical,grazing,0.0001,13792.03481639332,8893996.97665837,644.8647422269336,5.781553343995259,5.98419684466445,10.470058007440311,0.2916666666666667,0,0.0006992880356022352
diamond-aligned-51.842773,diamond,51.84277341263095,aligned,central,0.0,88673.08198969885,0.0,0.0,3.9348571656570996,4.457210496390662,7.649828779219394,0.1875,0,0.00013258178826975497
diamond-aligned-51.842773,diamond,51.84277341263095,aligned,central,1e-06,88673.08198969885,155480.11536412363,1.7534082708683312,5.2357832316363435,5.543395220064533,9.751402623860535,0.4375,0,0.00013258178826975497
diamond-aligned-51.842773,diamond,51.84277341263095,aligned,central,0.0001,88673.08198969885,15548011.536412368,175.34082708683317,8.781650703558903,11.135204576177555,25.67928873360681,0.7083333333333334,0,0.00013258178826975497
diamond-aligned-51.842773,diamond,51.84277341263095,aligned,oblique,0.0,60900.064844865665,0.0,0.0,1.3621209071582605,1.5367485886978727,2.675681395834762,0.0,0,8.166610529919295e-05
diamond-aligned-51.842773,diamond,51.84277341263095,aligned,oblique,1e-06,60900.064844865665,155480.11536412363,2.553036942738687,1.7098620572043401,1.975807824377501,3.743639211735168,0.0,0,8.166610529919295e-05
diamond-aligned-51.842773,diamond,51.84277341263095,aligned,oblique,0.0001,60900.064844865665,15548011.536412368,255.30369427386879,3.8292954930745147,4.575642474905955,8.971811766545128,0.3125,0,8.166610529919295e-05
diamond-aligned-51.842773,diamond,51.84277341263095,aligned,grazing,0.0,15251.612849520729,0.0,0.0,1.3563932482553485,1.5623484655315913,2.8978277765423894,0.0,0,0.005421308339617516
diamond-aligned-51.842773,diamond,51.84277341263095,aligned,grazing,1e-06,15251.612849520729,155480.11536412363,10.194339241243558,2.087960637322836,2.4990434407519144,4.355909649100252,0.020833333333333332,0,0.005421308339617516
diamond-aligned-51.842773,diamond,51.84277341263095,aligned,grazing,0.0001,15251.612849520729,15548011.536412368,1019.433924124356,5.642940648911999,5.810576066644561,8.96851288614555,0.3541666666666667,0,0.005421308339617516
diamond-shifted-51.842773,diamond,51.84277341263095,shifted,central,0.0,88575.0929697247,0.0,0.0,4.9587753501981595,4.97216529134936,8.59969658029058,0.4375,0,0.00013246315701957392
diamond-shifted-51.842773,diamond,51.84277341263095,shifted,central,1e-06,88575.0929697247,129540.64244729081,1.4624951338359677,5.120638533527458,5.766618791307103,9.800759160831094,0.375,0,0.00013246315701957392
diamond-shifted-51.842773,diamond,51.84277341263095,shifted,central,0.0001,88575.0929697247,12954064.244729083,146.2495133835968,9.209328072925068,12.803895489186838,28.547252176184973,0.6875,0,0.00013246315701957392
diamond-shifted-51.842773,diamond,51.84277341263095,shifted,oblique,0.0,60600.882347929306,0.0,0.0,1.5839263329079358,1.6834804560911358,2.7328209162020083,0.0,0,0.00013883308711591048
diamond-shifted-51.842773,diamond,51.84277341263095,shifted,oblique,1e-06,60600.882347929306,129540.64244729081,2.137603239892713,2.001765501567995,2.1159040646601572,4.0175149155035035,0.020833333333333332,0,0.00013883308711591048
diamond-shifted-51.842773,diamond,51.84277341263095,shifted,oblique,0.0001,60600.882347929306,12954064.244729083,213.76032398927134,3.230858082301097,3.815267857320182,8.210387052477918,0.2708333333333333,0,0.00013883308711591048
diamond-shifted-51.842773,diamond,51.84277341263095,shifted,grazing,0.0,16195.666378603462,0.0,0.0,2.071389021918396,2.192227118138499,3.724923694112675,0.0,0,0.0010042232945244457
diamond-shifted-51.842773,diamond,51.84277341263095,shifted,grazing,1e-06,16195.666378603462,129540.64244729081,7.998475605698478,2.878251748972435,3.0467770258621276,5.088371565594949,0.08333333333333333,1,0.0010042232945244457
diamond-shifted-51.842773,diamond,51.84277341263095,shifted,grazing,0.0001,16195.666378603462,12954064.244729083,799.8475605698479,5.500000000000002,5.589627023963832,9.581011472737652,0.3333333333333333,0,0.0010042232945244457
diamond-vertical-51.842773,diamond,51.84277341263095,vertical,central,0.0,88452.68269753866,0.0,0.0,4.549360860515527,4.602175876315596,7.821802550946167,0.20833333333333334,0,0.00013223654334595467
diamond-vertical-51.842773,diamond,51.84277341263095,vertical,central,1e-06,88452.68269753866,123549.67897348042,1.396788375497382,5.5787660870522195,5.825694685911249,10.580497949879334,0.3541666666666667,0,0.00013223654334595467
diamond-vertical-51.842773,diamond,51.84277341263095,vertical,central,0.0001,88452.68269753866,12354967.897348044,139.67883754973823,9.330743587988085,11.013759654189428,22.23682019663483,0.6875,0,0.00013223654334595467
diamond-vertical-51.842773,diamond,51.84277341263095,vertical,oblique,0.0,60061.85876742743,0.0,0.0,1.6285628479607013,1.7148042638196819,2.7416854108119835,0.0,0,0.00019287400173730593
diamond-vertical-51.842773,diamond,51.84277341263095,vertical,oblique,1e-06,60061.85876742743,123549.67897348042,2.0570405496754876,2.006285664945203,2.18334793256474,4.066321347953346,0.020833333333333332,0,0.00019287400173730593
diamond-vertical-51.842773,diamond,51.84277341263095,vertical,oblique,0.0001,60061.85876742743,12354967.897348044,205.70405496754879,2.8267522325893104,3.4399520438921107,7.040701899898019,0.16666666666666666,0,0.00019287400173730593
diamond-vertical-51.842773,diamond,51.84277341263095,vertical,grazing,0.0,15740.691085262015,0.0,0.0,1.6531370340874982,2.0004444380403084,3.5498581813906807,0.0,0,0.0046029929878731385
diamond-vertical-51.842773,diamond,51.84277341263095,vertical,grazing,1e-06,15740.691085262015,123549.67897348042,7.849063189427547,3.4238025497938835,3.309206926017429,5.646081312963208,0.14583333333333334,0,0.0046029929878731385
diamond-vertical-51.842773,diamond,51.84277341263095,vertical,grazing,0.0001,15740.691085262015,12354967.897348044,784.9063189427549,5.563359979479436,5.859315943739001,9.59,0.3333333333333333,0,0.0046029929878731385
