id,shape,tilt_deg,layout,height_mm,facet_area_total_mm2,leakage_fraction_all_bands
triangle-aligned-30.000000,triangle,30.0,aligned,1.5,40.5,0.020091796403168386
triangle-shifted-30.000000,triangle,30.0,shifted,1.5,40.5,0.017088278621057426
triangle-vertical-30.000000,triangle,30.0,vertical,1.5,40.5,0.016081808801953656
triangle-aligned-45.000000,triangle,45.0,aligned,2.5980762113533156,49.60216729135935,0.04819008268515911
triangle-shifted-45.000000,triangle,45.0,shifted,2.5980762113533156,49.60216729135935,0.041028455006060185
triangle-vertical-45.000000,triangle,45.0,vertical,2.5980762113533156,49.60216729135935,0.03868034150134389
triangle-aligned-51.842773,triangle,51.84277341263095,aligned,3.3066424508133117,56.770484525175064,0.06697158649525717
triangle-shifted-51.842773,triangle,51.84277341263095,shifted,3.3066424508133117,56.770484525175064,0.05706820463473312
triangle-vertical-51.842773,triangle,51.84277341263095,vertical,3.3066424508133117,56.770484525175064,0.05387703635014314
diamond-aligned-30.000000,diamond,30.0,aligned,1.7096302927160831,40.49999999999999,0.02099402156236068
diamond-shifted-30.000000,diamond,30.0,shifted,1.7096302927160831,40.49999999999999,0.017440538186145924
diamond-vertical-30.000000,diamond,30.0,vertical,1.7096302927160831,40.49999999999999,0.01658784014494473
diamond-aligned-45.000000,diamond,45.0,aligned,2.9611665291431075,49.60216729135935,0.05017464976759866
diamond-shifted-45.000000,diamond,45.0,shifted,2.9611665291431075,49.60216729135935,0.04175107283133481
diamond-vertical-45.000000,diamond,45.0,vertical,2.9611665291431075,49.60216729135935,0.03977193962519754
diamond-aligned-51.842773,diamond,51.84277341263095,aligned,3.7687574007275924,56.77048452517505,0.0695271853297168
diamond-shifted-51.842773,diamond,51.84277341263095,shifted,3.7687574007275924,56.77048452517505,0.05792764067656205
diamond-vertical-51.842773,diamond,51.84277341263095,vertical,3.7687574007275924,56.77048452517505,0.05524861753092259
