alpha_deg,mode,scene,stress,trial,xyz_rmse_mm,depth_rmse_mm,reflectance_rmse,heldout_signal_relative_l2,passes_diagnostic
0,static,separated_colours,matched,0,8.99883284922643,7.524267452612149,0.3094552191927407,0.008565233351642944,False
0,static,separated_colours,matched,1,10.4131305606375,5.015691276996984,0.26122100558352257,0.010207241395762531,False
0,static,separated_colours,matched,2,20.560448026477072,9.555896071279488,0.15793800746186554,0.011678150313659139,False
0,static,near_oblique,matched,0,7.4713208748919575,1.5592852541280697,0.14081074399610452,0.008971069148017203,False
0,static,near_oblique,matched,1,6.821880799793889,2.702360983328471,0.08519178489719391,0.012089207677951104,False
0,static,near_oblique,matched,2,7.228367438417391,3.035704463073569,0.144666726513051,0.014512374372981883,False
0,static,similar_colours_close,matched,0,38.66830992313645,33.435005663918425,0.3514327152329519,0.025581033903882607,False
0,static,similar_colours_close,matched,1,23.194398730146833,20.756312291446786,0.37616594826630584,0.01174377635255116,False
0,static,similar_colours_close,matched,2,28.311917070792486,9.359224446473052,0.4066544876607842,0.020722695775630663,False
0,translation,separated_colours,matched,0,6.430533444097889,5.898431544595964,0.08451193426674307,0.003926043715009439,False
0,translation,separated_colours,matched,1,8.63237761194974,3.187810277956835,0.046763186854031046,0.0029631540326278487,False
0,translation,separated_colours,matched,2,8.955938637534471,5.249853900058532,0.06311989918776179,0.00391684656084454,False
0,translation,near_oblique,matched,0,0.6839731134286895,0.4578484760467483,0.006060978387316977,0.003090227198195231,True
0,translation,near_oblique,matched,1,2.6097167012516302,1.0789600848270955,0.041682621183532165,0.003278867634749083,True
0,translation,near_oblique,matched,2,1.4666562825745255,1.074415028728099,0.029332282087482828,0.00215178351524948,True
0,translation,similar_colours_close,matched,0,36.44239831111454,34.34358411028339,0.34739124231230617,0.0046743296043338265,False
0,translation,similar_colours_close,matched,1,38.64068973216271,34.987021032394026,0.3521895682996589,0.006037428745367801,False
0,translation,similar_colours_close,matched,2,37.662108312941356,34.89753773402534,0.34601681752262675,0.006316783169642426,False
0,rigid,separated_colours,matched,0,1.826129793454279,1.3254928299568938,0.04460350850587155,0.002537903807014806,True
0,rigid,separated_colours,matched,1,2.609014151103572,2.3238787906005403,0.09204555769152836,0.003037153818840503,True
0,rigid,separated_colours,matched,2,7.682863501229923,2.9634726341161475,0.05995328039570266,0.002217009002044961,False
0,rigid,near_oblique,matched,0,0.833166519128019,0.48390053881838624,0.0158011537818825,0.002344311842452375,True
0,rigid,near_oblique,matched,1,1.3886212315168498,0.33787474424902814,0.017002595138714376,0.002381992012050741,True
0,rigid,near_oblique,matched,2,1.5175549489067104,0.4255425296849302,0.007278063109407421,0.0019890698887570415,True
0,rigid,similar_colours_close,matched,0,42.08860849338157,39.67445557158256,0.3408073094172862,0.00499356343778348,False
0,rigid,similar_colours_close,matched,1,35.86362221619582,32.45864707247989,0.3476277970328612,0.004942803403910009,False
0,rigid,similar_colours_close,matched,2,26.51304183585589,24.354403461497895,0.40611553530679756,0.005102483097273796,False
15,static,separated_colours,matched,0,21.645712473993612,16.60045934609911,0.2572375180346934,0.009255692078957671,False
15,static,separated_colours,matched,1,16.48141441854419,15.110825943318272,0.21074146941898292,0.008073896466249807,False
15,static,separated_colours,matched,2,8.500045783727822,5.400891773335947,0.2782721713952052,0.013226367112657116,False
15,static,near_oblique,matched,0,3.0333050850448813,0.42167525175477977,0.031229165898899503,0.004233245929613315,True
15,static,near_oblique,matched,1,6.100029838956551,5.618288087417718,0.12397179467731069,0.008399307836233601,False
15,static,near_oblique,matched,2,3.4494502969784615,1.2279632085369503,0.08028085272133112,0.011009424931359455,True
15,static,similar_colours_close,matched,0,57.355239909774475,41.5955364382454,0.4235800611400996,0.010770563696500103,False
15,static,similar_colours_close,matched,1,38.657719541778775,31.349927241312347,0.34114213228130214,0.031115658933442633,False
15,static,similar_colours_close,matched,2,37.53492955968128,7.950544544615392,0.356539498703838,0.009791253595207392,False
15,translation,separated_colours,matched,0,4.956249394375085,3.9814753890581533,0.05550407049352354,0.0016523213873133342,True
15,translation,separated_colours,matched,1,7.37296311117794,6.828046567929121,0.09546291210640015,0.004439157675699618,False
15,translation,separated_colours,matched,2,4.57998282970421,4.564488129845103,0.08728598350086617,0.0032700672099610583,True
15,translation,near_oblique,matched,0,5.789705059320303,5.542182327168359,0.13041382592888975,0.0035399656886696824,False
15,translation,near_oblique,matched,1,0.7100379323788537,0.42088082944045235,0.014958885969858933,0.0027594505341489066,True
15,translation,near_oblique,matched,2,1.1410192230419882,0.5321457049560152,0.02239376406217683,0.002725041413558386,True
15,translation,similar_colours_close,matched,0,38.873748807653214,34.81579339877585,0.4023424762759699,0.006459516429283859,False
15,translation,similar_colours_close,matched,1,37.5775162153281,30.774543868894078,0.41172909147412556,0.005246241236404294,False
15,translation,similar_colours_close,matched,2,43.60980559770505,31.578684798073564,0.34687711251330505,0.006241668773308694,False
15,rigid,separated_colours,matched,0,6.927672629720562,4.695615057839472,0.08944944127585565,0.004115750366152649,False
15,rigid,separated_colours,matched,1,4.510604930560817,2.591577173999888,0.0586043878449879,0.0033827557847998977,True
15,rigid,separated_colours,matched,2,8.095632350388003,7.1344915190122515,0.10169918396814796,0.002698815966705815,False
15,rigid,near_oblique,matched,0,0.833030450781729,0.7623431596542869,0.011556947913870958,0.00269658441383584,True
15,rigid,near_oblique,matched,1,1.4585557722142788,1.2925375410061326,0.01820312617036956,0.0037443597758522094,True
15,rigid,near_oblique,matched,2,1.074475107602065,0.6251144292434393,0.014047802715846153,0.002232791700681713,True
15,rigid,similar_colours_close,matched,0,30.614298003485988,19.436669056354397,0.3033103746570536,0.004847823636718321,False
15,rigid,similar_colours_close,matched,1,29.631068580883586,27.06397534225733,0.33190651477916555,0.00591236424160352,False
15,rigid,similar_colours_close,matched,2,31.63065205733769,29.632688010328806,0.40748490305812224,0.004516564621516111,False
15,rigid,separated_colours,high_leakage,0,2.917362991941624,2.7917196485536597,0.10367114690966227,0.003965807735696805,False
15,rigid,separated_colours,high_leakage,1,5.42231033386577,1.5189183157316895,0.06529938673413307,0.00439960909101063,False
15,rigid,separated_colours,high_leakage,2,13.875292477509587,10.936781717971282,0.17052681824141594,0.003164579471190997,False
15,rigid,separated_colours,pose_error,0,9.194850564840433,5.403220459279938,0.09722808530938454,0.024717801335313247,False
15,rigid,separated_colours,pose_error,1,12.274344488066795,6.829084767032708,0.09435384304088984,0.031083147758027486,False
15,rigid,separated_colours,pose_error,2,17.17303539491885,13.296308483284871,0.15359605388518208,0.021939985771123702,False
